strain,sample,time,dose,GENE_SYMBOL,gene_expression
HW,HW1,1.5,0,Ahrr,13.04093001
HW,HW1,1.5,0,Aldh3a1,5.216372003
HW,HW1,1.5,0,Bbs2,33.90641802
HW,HW1,1.5,0,Ccbl1,237.3449262
HW,HW1,1.5,0,Cxcr7,23.47367402
HW,HW1,1.5,0,Col18a1,1694.016808
HW,HW1,1.5,0,Cyb5a,23772.31131
HW,HW1,1.5,0,Cyp1a1,18.25730201
HW,HW1,1.5,0,Cyp1a2,39811.35113
HW,HW1,1.5,0,Cyp1b1,6.520465004
HW,HW2,1.5,0,Ahrr,1.42209143
HW,HW2,1.5,0,Aldh3a1,8.532548583
HW,HW2,1.5,0,Bbs2,45.50692578
HW,HW2,1.5,0,Ccbl1,243.1776346
HW,HW2,1.5,0,Cxcr7,27.01973718
HW,HW2,1.5,0,Col18a1,1918.40134
HW,HW2,1.5,0,Cyb5a,26786.51418
HW,HW2,1.5,0,Cyp1a1,68.26038866
HW,HW2,1.5,0,Cyp1a2,45367.56081
HW,HW2,1.5,0,Cyp1b1,12.79882287
HW,HW3,1.5,0,Ahrr,1.289200497
HW,HW3,1.5,0,Aldh3a1,7.73520298
HW,HW3,1.5,0,Bbs2,32.23001242
HW,HW3,1.5,0,Ccbl1,175.3312676
HW,HW3,1.5,0,Cxcr7,15.47040596
HW,HW3,1.5,0,Col18a1,917.9107537
HW,HW3,1.5,0,Cyb5a,23226.23615
HW,HW3,1.5,0,Cyp1a1,32.23001242
HW,HW3,1.5,0,Cyp1a2,21537.3835
HW,HW3,1.5,0,Cyp1b1,3.86760149
HW,HW4,1.5,100,Ahrr,9.963823967
HW,HW4,1.5,100,Aldh3a1,307.4551395
HW,HW4,1.5,100,Bbs2,69.74676777
HW,HW4,1.5,100,Ccbl1,276.1402642
HW,HW4,1.5,100,Cxcr7,68.32336434
HW,HW4,1.5,100,Col18a1,2368.543297
HW,HW4,1.5,100,Cyb5a,31307.75831
HW,HW4,1.5,100,Cyp1a1,9945.319722
HW,HW4,1.5,100,Cyp1a2,101827.4341
HW,HW4,1.5,100,Cyp1b1,18.50424451
HW,HW5,1.5,100,Ahrr,7.552195934
HW,HW5,1.5,100,Aldh3a1,65.45236477
HW,HW5,1.5,100,Bbs2,52.86537154
HW,HW5,1.5,100,Ccbl1,318.4509286
HW,HW5,1.5,100,Cxcr7,33.98488171
HW,HW5,1.5,100,Col18a1,1679.104896
HW,HW5,1.5,100,Cyb5a,27014.20486
HW,HW5,1.5,100,Cyp1a1,6885.085294
HW,HW5,1.5,100,Cyp1a2,67209.50902
HW,HW5,1.5,100,Cyp1b1,2.517398645
HW,HW6,1.5,100,Ahrr,5.450164361
HW,HW6,1.5,100,Aldh3a1,81.75246541
HW,HW6,1.5,100,Bbs2,47.96144637
HW,HW6,1.5,100,Ccbl1,244.1673634
HW,HW6,1.5,100,Cxcr7,40.33121627
HW,HW6,1.5,100,Col18a1,2396.982286
HW,HW6,1.5,100,Cyb5a,21968.52251
HW,HW6,1.5,100,Cyp1a1,7172.416299
HW,HW6,1.5,100,Cyp1a2,70516.40656
HW,HW6,1.5,100,Cyp1b1,9.810295849
HW,WW45,3,100,Ahrr,18.1143977
HW,WW45,3,100,Aldh3a1,2929.356885
HW,WW45,3,100,Bbs2,62.10650639
HW,WW45,3,100,Ccbl1,565.4279853
HW,WW45,3,100,Cxcr7,37.52268095
HW,WW45,3,100,Col18a1,1326.232689
HW,WW45,3,100,Cyb5a,20003.4706
HW,WW45,3,100,Cyp1a1,45112.61358
HW,WW45,3,100,Cyp1a2,135548.7441
HW,WW45,3,100,Cyp1b1,33.6410243
HW,WW46,3,100,Ahrr,22.44146465
HW,WW46,3,100,Aldh3a1,1111.974573
HW,WW46,3,100,Bbs2,74.05683333
HW,WW46,3,100,Ccbl1,524.0081995
HW,WW46,3,100,Cxcr7,41.5167096
HW,WW46,3,100,Col18a1,1151.247136
HW,WW46,3,100,Cyb5a,18895.71323
HW,WW46,3,100,Cyp1a1,29840.41554
HW,WW46,3,100,Cyp1a2,91325.54038
HW,WW46,3,100,Cyp1b1,33.66219697
HW,WW47,3,100,Ahrr,28.86779083
HW,WW47,3,100,Aldh3a1,2281.550917
HW,WW47,3,100,Bbs2,52.75837635
HW,WW47,3,100,Ccbl1,654.0047785
HW,WW47,3,100,Cxcr7,74.65807974
HW,WW47,3,100,Col18a1,1784.825826
HW,WW47,3,100,Cyb5a,18608.77523
HW,WW47,3,100,Cyp1a1,46126.74798
HW,WW47,3,100,Cyp1a2,141454.166
HW,WW47,3,100,Cyp1b1,56.7401406
HW,WW48,3,100,Ahrr,7.685034331
HW,WW48,3,100,Aldh3a1,2878.045357
HW,WW48,3,100,Bbs2,42.26768882
HW,WW48,3,100,Ccbl1,524.5035931
HW,WW48,3,100,Cxcr7,47.07083528
HW,WW48,3,100,Col18a1,994.2513166
HW,WW48,3,100,Cyb5a,15902.25729
HW,WW48,3,100,Cyp1a1,29702.65769
HW,WW48,3,100,Cyp1a2,89331.7997
HW,WW48,3,100,Cyp1b1,23.05510299
HW,WW41,6,100,Ahrr,29.70155111
HW,WW41,6,100,Aldh3a1,4193.714131
HW,WW41,6,100,Bbs2,90.55350948
HW,WW41,6,100,Ccbl1,841.7854241
HW,WW41,6,100,Cxcr7,42.0168284
HW,WW41,6,100,Col18a1,2149.378101
HW,WW41,6,100,Cyb5a,22039.27535
HW,WW41,6,100,Cyp1a1,79085.81304
HW,WW41,6,100,Cyp1a2,228664.9977
HW,WW41,6,100,Cyp1b1,53.60767761
HW,WW42,6,100,Ahrr,30.18524424
HW,WW42,6,100,Aldh3a1,6712.369704
HW,WW42,6,100,Bbs2,73.39157423
HW,WW42,6,100,Ccbl1,703.730498
HW,WW42,6,100,Cxcr7,34.32831698
HW,WW42,6,100,Col18a1,1551.284807
HW,WW42,6,100,Cyb5a,15650.7532
HW,WW42,6,100,Cyp1a1,62965.23574
HW,WW42,6,100,Cyp1a2,155278.815
HW,WW42,6,100,Cyp1b1,39.65512478
HW,WW43,6,100,Ahrr,18.13679036
HW,WW43,6,100,Aldh3a1,3657.586056
HW,WW43,6,100,Bbs2,57.86499782
HW,WW43,6,100,Ccbl1,943.9767555
HW,WW43,6,100,Cxcr7,37.13723741
HW,WW43,6,100,Col18a1,1779.996426
HW,WW43,6,100,Cyb5a,19288.04472
HW,WW43,6,100,Cyp1a1,79053.08725
HW,WW43,6,100,Cyp1a2,212645.2304
HW,WW43,6,100,Cyp1b1,63.04693793
HW,WW44,6,100,Ahrr,26.64528285
HW,WW44,6,100,Aldh3a1,3640.811448
HW,WW44,6,100,Bbs2,99.12045219
HW,WW44,6,100,Ccbl1,1086.061729
HW,WW44,6,100,Cxcr7,31.97433942
HW,WW44,6,100,Col18a1,2235.006325
HW,WW44,6,100,Cyb5a,23193.12
HW,WW44,6,100,Cyp1a1,95413.56044
HW,WW44,6,100,Cyp1a2,280889.2427
HW,WW44,6,100,Cyp1b1,57.55381095
HW,WW37,10,100,Ahrr,55.67742297
HW,WW37,10,100,Aldh3a1,12074.67481
HW,WW37,10,100,Bbs2,190.4753944
HW,WW37,10,100,Ccbl1,1695.23101
HW,WW37,10,100,Cxcr7,39.56027422
HW,WW37,10,100,Col18a1,3226.360142
HW,WW37,10,100,Cyb5a,50807.11366
HW,WW37,10,100,Cyp1a1,206645.2902
HW,WW37,10,100,Cyp1a2,803958.5446
HW,WW37,10,100,Cyp1b1,183.1494177
HW,WW38,10,100,Ahrr,38.5491127
HW,WW38,10,100,Aldh3a1,6707.54561
HW,WW38,10,100,Bbs2,139.5743736
HW,WW38,10,100,Ccbl1,1635.01409
HW,WW38,10,100,Cxcr7,41.2076722
HW,WW38,10,100,Col18a1,2411.313463
HW,WW38,10,100,Cyb5a,38004.108
HW,WW38,10,100,Cyp1a1,141350.2913
HW,WW38,10,100,Cyp1a2,506264.1678
HW,WW38,10,100,Cyp1b1,195.404123
HW,WW39,10,100,Ahrr,24.33998335
HW,WW39,10,100,Aldh3a1,11279.14828
HW,WW39,10,100,Bbs2,129.0019117
HW,WW39,10,100,Ccbl1,1053.921279
HW,WW39,10,100,Cxcr7,47.46296753
HW,WW39,10,100,Col18a1,2401.139357
HW,WW39,10,100,Cyb5a,30134.11638
HW,WW39,10,100,Cyp1a1,111788.6755
HW,WW39,10,100,Cyp1a2,466215.343
HW,WW39,10,100,Cyp1b1,126.5679134
HW,WW40,10,100,Ahrr,31.24949264
HW,WW40,10,100,Aldh3a1,10186.21855
HW,WW40,10,100,Bbs2,123.8819172
HW,WW40,10,100,Ccbl1,1056.902483
HW,WW40,10,100,Cxcr7,41.29397241
HW,WW40,10,100,Col18a1,2696.384793
HW,WW40,10,100,Cyb5a,36613.24484
HW,WW40,10,100,Cyp1a1,126179.871
HW,WW40,10,100,Cyp1a2,498777.6162
HW,WW40,10,100,Cyp1b1,116.0695441
HW,WW1,19,0,Ahrr,8.63938793
HW,WW1,19,0,Aldh3a1,6.911510344
HW,WW1,19,0,Bbs2,48.38057241
HW,WW1,19,0,Ccbl1,396.547906
HW,WW1,19,0,Cxcr7,24.1902862
HW,WW1,19,0,Col18a1,3022.057898
HW,WW1,19,0,Cyb5a,25409.30384
HW,WW1,19,0,Cyp1a1,26.78210258
HW,WW1,19,0,Cyp1a2,50391.82192
HW,WW1,19,0,Cyp1b1,3.455755172
HW,WW2,19,0,Ahrr,6.774993069
HW,WW2,19,0,Aldh3a1,9.854535374
HW,WW2,19,0,Bbs2,36.95450765
HW,WW2,19,0,Ccbl1,396.6450488
HW,WW2,19,0,Cxcr7,24.63633843
HW,WW2,19,0,Col18a1,2354.618046
HW,WW2,19,0,Cyb5a,16606.123920000002
HW,WW2,19,0,Cyp1a1,22.17270459
HW,WW2,19,0,Cyp1a2,34312.87626
HW,WW2,19,0,Cyp1b1,10.47044383
HW,WW3,19,0,Ahrr,2.845421363
HW,WW3,19,0,Aldh3a1,3.79389515
HW,WW3,19,0,Bbs2,48.37216317
HW,WW3,19,0,Ccbl1,294.0268741
HW,WW3,19,0,Cxcr7,18.02100196
HW,WW3,19,0,Col18a1,2219.428663
HW,WW3,19,0,Cyb5a,22362.16649
HW,WW3,19,0,Cyp1a1,165.9829128
HW,WW3,19,0,Cyp1a2,47524.2276
HW,WW3,19,0,Cyp1b1,7.587790301
HW,WW4,19,0,Ahrr,8.779915746
HW,WW4,19,0,Aldh3a1,7.023932597
HW,WW4,19,0,Bbs2,55.3134692
HW,WW4,19,0,Ccbl1,361.7325287
HW,WW4,19,0,Cxcr7,29.85171354
HW,WW4,19,0,Col18a1,2932.491859
HW,WW4,19,0,Cyb5a,26500.4197
HW,WW4,19,0,Cyp1a1,128.1867699
HW,WW4,19,0,Cyp1a2,54272.17119
HW,WW4,19,0,Cyp1b1,8.779915746
HW,WW49,19,0,Ahrr,8.632226856
HW,WW49,19,0,Aldh3a1,101.6684496
HW,WW49,19,0,Bbs2,60.42558799
HW,WW49,19,0,Ccbl1,352.0030285
HW,WW49,19,0,Cxcr7,33.56977111
HW,WW49,19,0,Col18a1,2753.680367
HW,WW49,19,0,Cyb5a,28797.10879
HW,WW49,19,0,Cyp1a1,1044.49945
HW,WW49,19,0,Cyp1a2,50937.81154
HW,WW49,19,0,Cyp1b1,12.46877213
HW,WW50,19,0,Ahrr,4.506592426
HW,WW50,19,0,Aldh3a1,4.506592426
HW,WW50,19,0,Bbs2,43.93927615
HW,WW50,19,0,Ccbl1,402.213374
HW,WW50,19,0,Cxcr7,47.31922047
HW,WW50,19,0,Col18a1,3668.366235
HW,WW50,19,0,Cyb5a,21279.00279
HW,WW50,19,0,Cyp1a1,123.9312917
HW,WW50,19,0,Cyp1a2,51557.67065
HW,WW50,19,0,Cyp1b1,5.633240532
HW,WW51,19,0,Ahrr,8.813061455
HW,WW51,19,0,Aldh3a1,2.711711217
HW,WW51,19,0,Bbs2,42.03152386
HW,WW51,19,0,Ccbl1,460.9909069
HW,WW51,19,0,Cxcr7,15.5923395
HW,WW51,19,0,Col18a1,3052.708902
HW,WW51,19,0,Cyb5a,20959.49392
HW,WW51,19,0,Cyp1a1,143.0427667
HW,WW51,19,0,Cyp1a2,50988.30601
HW,WW51,19,0,Cyp1b1,2.711711217
HW,WW5,19,0.001,Ahrr,21.72089894
HW,WW5,19,0.001,Aldh3a1,59.44667078
HW,WW5,19,0.001,Bbs2,58.30346558
HW,WW5,19,0.001,Ccbl1,313.2382268
HW,WW5,19,0.001,Cxcr7,28.58013018
HW,WW5,19,0.001,Col18a1,1339.836503
HW,WW5,19,0.001,Cyb5a,28560.6957
HW,WW5,19,0.001,Cyp1a1,345.2479726
HW,WW5,19,0.001,Cyp1a2,63051.1968
HW,WW5,19,0.001,Cyp1b1,41.15538747
HW,WW6,19,0.001,Ahrr,5.212333427
HW,WW6,19,0.001,Aldh3a1,96.4281684
HW,WW6,19,0.001,Bbs2,54.72950099
HW,WW6,19,0.001,Ccbl1,303.6184221
HW,WW6,19,0.001,Cxcr7,39.0925007
HW,WW6,19,0.001,Col18a1,1261.384689
HW,WW6,19,0.001,Cyb5a,24163.07469
HW,WW6,19,0.001,Cyp1a1,465.2007584
HW,WW6,19,0.001,Cyp1a2,55682.05492
HW,WW6,19,0.001,Cyp1b1,72.97266798
HW,WW7,19,0.001,Ahrr,11.54108486
HW,WW7,19,0.001,Aldh3a1,4.616433944
HW,WW7,19,0.001,Bbs2,27.69860367
HW,WW7,19,0.001,Ccbl1,226.2052633
HW,WW7,19,0.001,Cxcr7,12.69519335
HW,WW7,19,0.001,Col18a1,622.064474
HW,WW7,19,0.001,Cyb5a,23776.94303
HW,WW7,19,0.001,Cyp1a1,100.4074383
HW,WW7,19,0.001,Cyp1a2,47529.64978
HW,WW7,19,0.001,Cyp1b1,23.08216972
HW,WW8,19,0.001,Ahrr,5.313456645
HW,WW8,19,0.001,Aldh3a1,10.62691329
HW,WW8,19,0.001,Bbs2,38.25688784
HW,WW8,19,0.001,Ccbl1,250.7951536
HW,WW8,19,0.001,Cxcr7,12.75229595
HW,WW8,19,0.001,Col18a1,765.1377569
HW,WW8,19,0.001,Cyb5a,14990.32389
HW,WW8,19,0.001,Cyp1a1,98.83029359
HW,WW8,19,0.001,Cyp1a2,24096.52588
HW,WW8,19,0.001,Cyp1b1,26.56728322
HW,WW10,19,0.01,Ahrr,11.81600851
HW,WW10,19,0.01,Aldh3a1,20.67801489
HW,WW10,19,0.01,Bbs2,35.44802553
HW,WW10,19,0.01,Ccbl1,265.8601915
HW,WW10,19,0.01,Cxcr7,36.92502659
HW,WW10,19,0.01,Col18a1,1264.312911
HW,WW10,19,0.01,Cyb5a,29788.15745
HW,WW10,19,0.01,Cyp1a1,737.0235308
HW,WW10,19,0.01,Cyp1a2,59455.20082
HW,WW10,19,0.01,Cyp1b1,4.431003191
HW,WW11,19,0.01,Ahrr,6.124853888
HW,WW11,19,0.01,Aldh3a1,11.024737
HW,WW11,19,0.01,Bbs2,26.94935711
HW,WW11,19,0.01,Ccbl1,205.7950906
HW,WW11,19,0.01,Cxcr7,24.49941555
HW,WW11,19,0.01,Col18a1,948.1273819
HW,WW11,19,0.01,Cyb5a,21808.15475
HW,WW11,19,0.01,Cyp1a1,548.7869084
HW,WW11,19,0.01,Cyp1a2,46194.873
HW,WW11,19,0.01,Cyp1b1,12.24970778
HW,WW12,19,0.01,Ahrr,21.35288614
HW,WW12,19,0.01,Aldh3a1,3013.26905
HW,WW12,19,0.01,Bbs2,80.38733605
HW,WW12,19,0.01,Ccbl1,586.5763427
HW,WW12,19,0.01,Cxcr7,135.6536296
HW,WW12,19,0.01,Col18a1,1649.196441
HW,WW12,19,0.01,Cyb5a,19419.82192
HW,WW12,19,0.01,Cyp1a1,56175.67527
HW,WW12,19,0.01,Cyp1a2,171338.0705
HW,WW12,19,0.01,Cyp1b1,134.3975775
HW,WW9,19,0.01,Ahrr,11.06052233
HW,WW9,19,0.01,Aldh3a1,3.3181567
HW,WW9,19,0.01,Bbs2,38.71182817
HW,WW9,19,0.01,Ccbl1,355.0427669
HW,WW9,19,0.01,Cxcr7,17.69683573
HW,WW9,19,0.01,Col18a1,1267.535859
HW,WW9,19,0.01,Cyb5a,24720.26741
HW,WW9,19,0.01,Cyp1a1,357.2548714
HW,WW9,19,0.01,Cyp1a2,63867.88016
HW,WW9,19,0.01,Cyp1b1,12.16657457
HW,WW13,19,0.1,Ahrr,25.2745482
HW,WW13,19,0.1,Aldh3a1,6311.4157510000005
HW,WW13,19,0.1,Bbs2,111.930142
HW,WW13,19,0.1,Ccbl1,775.0861449
HW,WW13,19,0.1,Cxcr7,97.48754307
HW,WW13,19,0.1,Col18a1,1264.93096
HW,WW13,19,0.1,Cyb5a,22798.84603
HW,WW13,19,0.1,Cyp1a1,82426.31944
HW,WW13,19,0.1,Cyp1a2,273416.4518
HW,WW13,19,0.1,Cyp1b1,110.7265921
HW,WW14,19,0.1,Ahrr,11.07549987
HW,WW14,19,0.1,Aldh3a1,23.15786337
HW,WW14,19,0.1,Bbs2,55.37749937
HW,WW14,19,0.1,Ccbl1,266.8188606
HW,WW14,19,0.1,Cxcr7,25.17159062
HW,WW14,19,0.1,Col18a1,1143.797078
HW,WW14,19,0.1,Cyb5a,26220.74252
HW,WW14,19,0.1,Cyp1a1,9267.172803
HW,WW14,19,0.1,Cyp1a2,129873.3252
HW,WW14,19,0.1,Cyp1b1,13.08922712
HW,WW15,19,0.1,Ahrr,16.00969212
HW,WW15,19,0.1,Aldh3a1,22.01332667
HW,WW15,19,0.1,Bbs2,80.04846061
HW,WW15,19,0.1,Ccbl1,418.2532067
HW,WW15,19,0.1,Cxcr7,32.01938424
HW,WW15,19,0.1,Col18a1,1364.826253
HW,WW15,19,0.1,Cyb5a,41156.91602
HW,WW15,19,0.1,Cyp1a1,14269.63871
HW,WW15,19,0.1,Cyp1a2,124164.1679
HW,WW15,19,0.1,Cyp1b1,7.004240303
HW,WW16,19,0.1,Ahrr,13.85053525
HW,WW16,19,0.1,Aldh3a1,39.57295786
HW,WW16,19,0.1,Bbs2,47.48754943
HW,WW16,19,0.1,Ccbl1,176.0996625
HW,WW16,19,0.1,Cxcr7,33.63701418
HW,WW16,19,0.1,Col18a1,819.1602276
HW,WW16,19,0.1,Cyb5a,27627.86053
HW,WW16,19,0.1,Cyp1a1,10244.44947
HW,WW16,19,0.1,Cyp1a2,94434.92798
HW,WW16,19,0.1,Cyp1b1,10.88256341
HW,WW17,19,1,Ahrr,33.41682865
HW,WW17,19,1,Aldh3a1,755.7344325
HW,WW17,19,1,Bbs2,88.68312218
HW,WW17,19,1,Ccbl1,476.8324395
HW,WW17,19,1,Cxcr7,32.13156601
HW,WW17,19,1,Col18a1,1188.867942
HW,WW17,19,1,Cyb5a,39361.16836
HW,WW17,19,1,Cyp1a1,75780.37053
HW,WW17,19,1,Cyp1a2,389957.6819
HW,WW17,19,1,Cyp1b1,34.70209129
HW,WW18,19,1,Ahrr,31.38789558
HW,WW18,19,1,Aldh3a1,491.7436974
HW,WW18,19,1,Bbs2,102.3012893
HW,WW18,19,1,Ccbl1,466.1683751
HW,WW18,19,1,Cxcr7,30.22538093
HW,WW18,19,1,Col18a1,943.9618967
HW,WW18,19,1,Cyb5a,42408.53447
HW,WW18,19,1,Cyp1a1,70346.08657
HW,WW18,19,1,Cyp1a2,385098.0909
HW,WW18,19,1,Cyp1b1,62.77579116
HW,WW19,19,1,Ahrr,27.62564998
HW,WW19,19,1,Aldh3a1,489.7274315
HW,WW19,19,1,Bbs2,99.20119766
HW,WW19,19,1,Ccbl1,522.3759269
HW,WW19,19,1,Cxcr7,25.11422726
HW,WW19,19,1,Col18a1,1220.551445
HW,WW19,19,1,Cyb5a,39209.5873
HW,WW19,19,1,Cyp1a1,73898.6137
HW,WW19,19,1,Cyp1a2,431291.6475
HW,WW19,19,1,Cyp1b1,23.85851589
HW,WW20,19,1,Ahrr,22.427872
HW,WW20,19,1,Aldh3a1,368.4578971
HW,WW20,19,1,Bbs2,91.31347884
HW,WW20,19,1,Ccbl1,371.6618788
HW,WW20,19,1,Cxcr7,11.213936
HW,WW20,19,1,Col18a1,845.8511724
HW,WW20,19,1,Cyb5a,32672.60353
HW,WW20,19,1,Cyp1a1,55102.07751
HW,WW20,19,1,Cyp1a2,280064.8476
HW,WW20,19,1,Cyp1b1,19.22389028
HW,WW21,19,10,Ahrr,32.99980096
HW,WW21,19,10,Aldh3a1,5050.28954
HW,WW21,19,10,Bbs2,117.4792914
HW,WW21,19,10,Ccbl1,630.9561944
HW,WW21,19,10,Cxcr7,31.67980893
HW,WW21,19,10,Col18a1,1151.033058
HW,WW21,19,10,Cyb5a,40221.47741
HW,WW21,19,10,Cyp1a1,80039.03725
HW,WW21,19,10,Cyp1a2,434297.1806
HW,WW21,19,10,Cyp1b1,263.9984077
HW,WW22,19,10,Ahrr,38.39528895
HW,WW22,19,10,Aldh3a1,6634.705931
HW,WW22,19,10,Bbs2,93.42853645
HW,WW22,19,10,Ccbl1,802.4615391
HW,WW22,19,10,Cxcr7,25.5968593
HW,WW22,19,10,Col18a1,1045.631702
HW,WW22,19,10,Cyb5a,38777.962
HW,WW22,19,10,Cyp1a1,85122.35561
HW,WW22,19,10,Cyp1a2,425652.733
HW,WW22,19,10,Cyp1b1,170.2191144
HW,WW23,19,10,Ahrr,44.68561618
HW,WW23,19,10,Aldh3a1,6369.296221
HW,WW23,19,10,Bbs2,111.7140405
HW,WW23,19,10,Ccbl1,726.141263
HW,WW23,19,10,Cxcr7,39.89787159
HW,WW23,19,10,Col18a1,1155.442361
HW,WW23,19,10,Cyb5a,45242.59047
HW,WW23,19,10,Cyp1a1,97071.52158
HW,WW23,19,10,Cyp1a2,485405.4854
HW,WW23,19,10,Cyp1b1,145.2282526
HW,WW24,19,10,Ahrr,18.59789888
HW,WW24,19,10,Aldh3a1,4321.354647
HW,WW24,19,10,Bbs2,75.72001686
HW,WW24,19,10,Ccbl1,684.1369945
HW,WW24,19,10,Cxcr7,33.21053371
HW,WW24,19,10,Col18a1,706.7201574
HW,WW24,19,10,Cyb5a,36168.92805
HW,WW24,19,10,Cyp1a1,64231.82904
HW,WW24,19,10,Cyp1a2,327386.7845
HW,WW24,19,10,Cyp1b1,455.6485225
HW,WW25,19,100,Ahrr,45.56782755
HW,WW25,19,100,Aldh3a1,12594.94753
HW,WW25,19,100,Bbs2,123.0331344
HW,WW25,19,100,Ccbl1,909.0781596
HW,WW25,19,100,Cxcr7,28.47989222
HW,WW25,19,100,Col18a1,1516.269462
HW,WW25,19,100,Cyb5a,34696.48309
HW,WW25,19,100,Cyp1a1,110375.5311
HW,WW25,19,100,Cyp1a2,567380.9696
HW,WW25,19,100,Cyp1b1,1528.800614
HW,WW26,19,100,Ahrr,33.06824394
HW,WW26,19,100,Aldh3a1,15527.04363
HW,WW26,19,100,Bbs2,83.17164384
HW,WW26,19,100,Ccbl1,702.4496667
HW,WW26,19,100,Cxcr7,25.05169995
HW,WW26,19,100,Col18a1,827.7081665
HW,WW26,19,100,Cyb5a,30708.3738
HW,WW26,19,100,Cyp1a1,85341.12106
HW,WW26,19,100,Cyp1a2,434634.9694
HW,WW26,19,100,Cyp1b1,902.8632663
HW,WW27,19,100,Ahrr,28.38203303
HW,WW27,19,100,Aldh3a1,14946.18132
HW,WW27,19,100,Bbs2,102.3780477
HW,WW27,19,100,Ccbl1,705.4962497
HW,WW27,19,100,Cxcr7,14.19101652
HW,WW27,19,100,Col18a1,1200.15454
HW,WW27,19,100,Cyb5a,28940.5509
HW,WW27,19,100,Cyp1a1,93229.91029
HW,WW27,19,100,Cyp1a2,581420.1377
HW,WW27,19,100,Cyp1b1,2807.793982
HW,WW28,19,100,Ahrr,41.44335265
HW,WW28,19,100,Aldh3a1,17468.37314
HW,WW28,19,100,Bbs2,152.3652671
HW,WW28,19,100,Ccbl1,1168.946329
HW,WW28,19,100,Cxcr7,52.41365188
HW,WW28,19,100,Col18a1,1705.272069
HW,WW28,19,100,Cyb5a,43110.83813
HW,WW28,19,100,Cyp1a1,124954.1461
HW,WW28,19,100,Cyp1a2,723692.3564
HW,WW28,19,100,Cyp1b1,1996.59446
HW,WW29,19,1000,Ahrr,31.51148315
HW,WW29,19,1000,Aldh3a1,8822.003303
HW,WW29,19,1000,Bbs2,111.5021712
HW,WW29,19,1000,Ccbl1,993.8236995
HW,WW29,19,1000,Cxcr7,39.995344
HW,WW29,19,1000,Col18a1,858.0819259
HW,WW29,19,1000,Cyb5a,36657.55075
HW,WW29,19,1000,Cyp1a1,85888.18328
HW,WW29,19,1000,Cyp1a2,423584.6284
HW,WW29,19,1000,Cyp1b1,673.8609475
HW,WW30,19,1000,Ahrr,26.37351614
HW,WW30,19,1000,Aldh3a1,7505.347463
HW,WW30,19,1000,Bbs2,94.3894262
HW,WW30,19,1000,Ccbl1,920.2969055
HW,WW30,19,1000,Cxcr7,41.64239391
HW,WW30,19,1000,Col18a1,827.2955591
HW,WW30,19,1000,Cyb5a,32628.20371
HW,WW30,19,1000,Cyp1a1,82457.49227
HW,WW30,19,1000,Cyp1a2,409856.9336
HW,WW30,19,1000,Cyp1b1,943.894262
HW,WW31,19,1000,Ahrr,31.18620157
HW,WW31,19,1000,Aldh3a1,19761.6564
HW,WW31,19,1000,Bbs2,93.55860472
HW,WW31,19,1000,Ccbl1,1113.607281
HW,WW31,19,1000,Cxcr7,57.17470288
HW,WW31,19,1000,Col18a1,879.7107693
HW,WW31,19,1000,Cyb5a,32538.90307
HW,WW31,19,1000,Cyp1a1,74544.11773
HW,WW31,19,1000,Cyp1a2,420167.7955
HW,WW31,19,1000,Cyp1b1,4910.527323
HW,WW32,19,1000,Ahrr,35.6104724
HW,WW32,19,1000,Aldh3a1,18780.74732
HW,WW32,19,1000,Bbs2,104.6732068
HW,WW32,19,1000,Ccbl1,878.3916526
HW,WW32,19,1000,Cxcr7,25.89852538
HW,WW32,19,1000,Col18a1,817.96176
HW,WW32,19,1000,Cyb5a,38581.24908
HW,WW32,19,1000,Cyp1a1,81019.22024
HW,WW32,19,1000,Cyp1a2,457987.3647
HW,WW32,19,1000,Cyp1b1,2324.392653
HW,WW33,19,3000,Ahrr,41.73201907
HW,WW33,19,3000,Aldh3a1,10520.50739
HW,WW33,19,3000,Bbs2,107.6955331
HW,WW33,19,3000,Ccbl1,818.4860515
HW,WW33,19,3000,Cxcr7,28.27007744
HW,WW33,19,3000,Col18a1,860.2180706
HW,WW33,19,3000,Cyb5a,38773.0843
HW,WW33,19,3000,Cyp1a1,84660.80476
HW,WW33,19,3000,Cyp1a2,413428.3434
HW,WW33,19,3000,Cyp1b1,791.5621683
HW,WW34,19,3000,Ahrr,533.7890001
HW,WW34,19,3000,Aldh3a1,23907.73268
HW,WW34,19,3000,Bbs2,216.522862
HW,WW34,19,3000,Ccbl1,2354.686124
HW,WW34,19,3000,Cxcr7,87.2105972
HW,WW34,19,3000,Col18a1,2515.57464
HW,WW34,19,3000,Cyb5a,62878.84058
HW,WW34,19,3000,Cyp1a1,173624.27
HW,WW34,19,3000,Cyp1a2,1118997.669
HW,WW34,19,3000,Cyp1b1,24934.71264
HW,WW35,19,3000,Ahrr,53.93293434
HW,WW35,19,3000,Aldh3a1,24715.11289
HW,WW35,19,3000,Bbs2,172.8619691
HW,WW35,19,3000,Ccbl1,1584.798532
HW,WW35,19,3000,Cxcr7,44.25266408
HW,WW35,19,3000,Col18a1,1103.55081
HW,WW35,19,3000,Cyb5a,53406.05106
HW,WW35,19,3000,Cyp1a1,111547.1372
HW,WW35,19,3000,Cyp1a2,596769.3014
HW,WW35,19,3000,Cyp1b1,2017.644903
HW,WW36,19,3000,Ahrr,29.71306104
HW,WW36,19,3000,Aldh3a1,15346.79603
HW,WW36,19,3000,Bbs2,102.5100606
HW,WW36,19,3000,Ccbl1,1126.125013
HW,WW36,19,3000,Cxcr7,25.25610188
HW,WW36,19,3000,Col18a1,1044.414096
HW,WW36,19,3000,Cyb5a,33624.78552
HW,WW36,19,3000,Cyp1a1,91110.64472
HW,WW36,19,3000,Cyp1a2,479503.4364
HW,WW36,19,3000,Cyp1b1,1555.478745
HW,HW4D12,96,0,Ahrr,7.744586436
HW,HW4D12,96,0,Aldh3a1,7.744586436
HW,HW4D12,96,0,Bbs2,80.54369893
HW,HW4D12,96,0,Ccbl1,573.0993962
HW,HW4D12,96,0,Cxcr7,55.76102234
HW,HW4D12,96,0,Col18a1,4845.013274
HW,HW4D12,96,0,Cyb5a,37595.32039
HW,HW4D12,96,0,Cyp1a1,71.25019521
HW,HW4D12,96,0,Cyp1a2,77521.7613
HW,HW4D12,96,0,Cyp1b1,7.744586436
HW,HW4D16,96,0,Ahrr,4.024827899
HW,HW4D16,96,0,Aldh3a1,34.21103714
HW,HW4D16,96,0,Bbs2,29.18000226
HW,HW4D16,96,0,Ccbl1,290.7938157
HW,HW4D16,96,0,Cxcr7,25.15517437
HW,HW4D16,96,0,Col18a1,2672.485725
HW,HW4D16,96,0,Cyb5a,25084.73988
HW,HW4D16,96,0,Cyp1a1,204.2600159
HW,HW4D16,96,0,Cyp1a2,40197.96864
HW,HW4D16,96,0,Cyp1b1,25.15517437
HW,HW4D2,96,0,Ahrr,4.512578808
HW,HW4D2,96,0,Aldh3a1,5.41509457
HW,HW4D2,96,0,Bbs2,31.58805166
HW,HW4D2,96,0,Ccbl1,241.8742241
HW,HW4D2,96,0,Cxcr7,18.95283099
HW,HW4D2,96,0,Col18a1,1590.232772
HW,HW4D2,96,0,Cyb5a,23346.27772
HW,HW4D2,96,0,Cyp1a1,18.95283099
HW,HW4D2,96,0,Cyp1a2,27467.16469
HW,HW4D2,96,0,Cyp1b1,4.512578808
HW,HW4D20,96,0,Ahrr,4.182111663
HW,HW4D20,96,0,Aldh3a1,227.9250856
HW,HW4D20,96,0,Bbs2,46.0032283
HW,HW4D20,96,0,Ccbl1,300.0665118
HW,HW4D20,96,0,Cxcr7,33.45689331
HW,HW4D20,96,0,Col18a1,2904.47655
HW,HW4D20,96,0,Cyb5a,25292.36581
HW,HW4D20,96,0,Cyp1a1,915.8824543
HW,HW4D20,96,0,Cyp1a2,51081.35738
HW,HW4D20,96,0,Cyp1b1,79.4601216
HW,HW4D6,96,0,Ahrr,11.54192426
HW,HW4D6,96,0,Aldh3a1,179.861653
HW,HW4D6,96,0,Bbs2,47.12952404
HW,HW4D6,96,0,Ccbl1,318.3647441
HW,HW4D6,96,0,Cxcr7,45.20587
HW,HW4D6,96,0,Col18a1,2806.611248
HW,HW4D6,96,0,Cyb5a,27180.2698
HW,HW4D6,96,0,Cyp1a1,921.4302864
HW,HW4D6,96,0,Cyp1a2,56444.81875
HW,HW4D6,96,0,Cyp1b1,100.9918372
HW,HW4D15,96,100,Ahrr,22.87681741
HW,HW4D15,96,100,Aldh3a1,3350.30991
HW,HW4D15,96,100,Bbs2,37.74674873
HW,HW4D15,96,100,Ccbl1,346.5837838
HW,HW4D15,96,100,Cxcr7,22.87681741
HW,HW4D15,96,100,Col18a1,565.0573901
HW,HW4D15,96,100,Cyb5a,21421.85183
HW,HW4D15,96,100,Cyp1a1,38739.60261
HW,HW4D15,96,100,Cyp1a2,232928.3234
HW,HW4D15,96,100,Cyp1b1,2736.067363
HW,HW4D19,96,100,Ahrr,48.90822436
HW,HW4D19,96,100,Aldh3a1,12817.6229
HW,HW4D19,96,100,Bbs2,59.91257485
HW,HW4D19,96,100,Ccbl1,854.6712208
HW,HW4D19,96,100,Cxcr7,34.23575706
HW,HW4D19,96,100,Col18a1,1140.784333
HW,HW4D19,96,100,Cyb5a,23150.708
HW,HW4D19,96,100,Cyp1a1,69139.11137
HW,HW4D19,96,100,Cyp1a2,491269.664
HW,HW4D19,96,100,Cyp1b1,4493.443114
HW,HW4D3,96,100,Ahrr,130.0790542
HW,HW4D3,96,100,Aldh3a1,15987.28132
HW,HW4D3,96,100,Bbs2,113.112221
HW,HW4D3,96,100,Ccbl1,990.863056
HW,HW4D3,96,100,Cxcr7,39.58927735
HW,HW4D3,96,100,Col18a1,1191.071687
HW,HW4D3,96,100,Cyb5a,39180.94223
HW,HW4D3,96,100,Cyp1a1,95683.88999
HW,HW4D3,96,100,Cyp1a2,682080.2661
HW,HW4D3,96,100,Cyp1b1,6652.129717
HW,HW4D4,96,100,Ahrr,159.6052443
HW,HW4D4,96,100,Aldh3a1,21103.36007
HW,HW4D4,96,100,Bbs2,106.4034962
HW,HW4D4,96,100,Ccbl1,1218.424348
HW,HW4D4,96,100,Cxcr7,107.4466677
HW,HW4D4,96,100,Col18a1,1196.517746
HW,HW4D4,96,100,Cyb5a,36656.00443
HW,HW4D4,96,100,Cyp1a1,90587.97259
HW,HW4D4,96,100,Cyp1a2,664305.1922
HW,HW4D4,96,100,Cyp1b1,11034.66846
HW,HW4D7,96,100,Ahrr,110.9862161
HW,HW4D7,96,100,Aldh3a1,18785.69769
HW,HW4D7,96,100,Bbs2,71.71417043
HW,HW4D7,96,100,Ccbl1,997.1684651
HW,HW4D7,96,100,Cxcr7,52.9318877
HW,HW4D7,96,100,Col18a1,1316.467272
HW,HW4D7,96,100,Cyb5a,31853.04403
HW,HW4D7,96,100,Cyp1a1,87450.3084
HW,HW4D7,96,100,Cyp1a2,600459.3341
HW,HW4D7,96,100,Cyp1b1,6461.10526
HW,HW10D10,240,0,Ahrr,9.897117783
HW,HW10D10,240,0,Aldh3a1,106.6689361
HW,HW10D10,240,0,Bbs2,35.18975212
HW,HW10D10,240,0,Ccbl1,282.6176967
HW,HW10D10,240,0,Cxcr7,20.89391532
HW,HW10D10,240,0,Col18a1,1837.564868
HW,HW10D10,240,0,Cyb5a,21706.57866
HW,HW10D10,240,0,Cyp1a1,420.0776659
HW,HW10D10,240,0,Cyp1a2,29675.95783
HW,HW10D10,240,0,Cyp1b1,53.88430793
HW,HW10D11,240,0,Ahrr,3.123838247
HW,HW10D11,240,0,Aldh3a1,23.42878686
HW,HW10D11,240,0,Bbs2,11.71439343
HW,HW10D11,240,0,Ccbl1,101.524743
HW,HW10D11,240,0,Cxcr7,10.1524743
HW,HW10D11,240,0,Col18a1,602.9007818
HW,HW10D11,240,0,Cyb5a,8261.771205
HW,HW10D11,240,0,Cyp1a1,82.78171356
HW,HW10D11,240,0,Cyp1a2,12490.66723
HW,HW10D11,240,0,Cyp1b1,24.99070598
HW,HW10D14,240,0,Ahrr,6.4547992
HW,HW10D14,240,0,Aldh3a1,97.74410217
HW,HW10D14,240,0,Bbs2,19.3643976
HW,HW10D14,240,0,Ccbl1,192.7218618
HW,HW10D14,240,0,Cxcr7,14.75382674
HW,HW10D14,240,0,Col18a1,1392.392399
HW,HW10D14,240,0,Cyb5a,18140.75209
HW,HW10D14,240,0,Cyp1a1,795.7845299
HW,HW10D14,240,0,Cyp1a2,25950.13701
HW,HW10D14,240,0,Cyp1b1,89.44507463
HW,HW10D17,240,0,Ahrr,4.503942994
HW,HW10D17,240,0,Aldh3a1,66.80848774
HW,HW10D17,240,0,Bbs2,35.28088679
HW,HW10D17,240,0,Ccbl1,177.9057483
HW,HW10D17,240,0,Cxcr7,29.27562946
HW,HW10D17,240,0,Col18a1,1284.37441
HW,HW10D17,240,0,Cyb5a,14695.61533
HW,HW10D17,240,0,Cyp1a1,418.8666984
HW,HW10D17,240,0,Cyp1a2,23099.2223
HW,HW10D17,240,0,Cyp1b1,53.29665876
HW,HW10D5,240,0,Ahrr,3.189172313
HW,HW10D5,240,0,Aldh3a1,128.62995
HW,HW10D5,240,0,Bbs2,26.57643594
HW,HW10D5,240,0,Ccbl1,201.9809131
HW,HW10D5,240,0,Cxcr7,13.81974669
HW,HW10D5,240,0,Col18a1,936.5536025
HW,HW10D5,240,0,Cyb5a,13928.17855
HW,HW10D5,240,0,Cyp1a1,840.8784331
HW,HW10D5,240,0,Cyp1a2,19699.51738
HW,HW10D5,240,0,Cyp1b1,76.54013551
HW,HW10D1,240,100,Ahrr,95.41412471
HW,HW10D1,240,100,Aldh3a1,13697.08442
HW,HW10D1,240,100,Bbs2,79.94156394
HW,HW10D1,240,100,Ccbl1,920.6173654
HW,HW10D1,240,100,Cxcr7,123.7804861
HW,HW10D1,240,100,Col18a1,1579.490578
HW,HW10D1,240,100,Cyb5a,35044.06075
HW,HW10D1,240,100,Cyp1a1,87517.9612
HW,HW10D1,240,100,Cyp1a2,645279.2785
HW,HW10D1,240,100,Cyp1b1,8393.864214
HW,HW10D13,240,100,Ahrr,188.4756666
HW,HW10D13,240,100,Aldh3a1,11089.29279
HW,HW10D13,240,100,Bbs2,79.49313827
HW,HW10D13,240,100,Ccbl1,974.4320175
HW,HW10D13,240,100,Cxcr7,129.4968865
HW,HW10D13,240,100,Col18a1,1342.408319
HW,HW10D13,240,100,Cyb5a,37625.89735
HW,HW10D13,240,100,Cyp1a1,78335.35918
HW,HW10D13,240,100,Cyp1a2,555698.0652
HW,HW10D13,240,100,Cyp1b1,8605.773292
HW,HW10D18,240,100,Ahrr,219.5176064
HW,HW10D18,240,100,Aldh3a1,24805.48952
HW,HW10D18,240,100,Bbs2,85.2382195
HW,HW10D18,240,100,Ccbl1,1338.123281
HW,HW10D18,240,100,Cxcr7,294.2470043
HW,HW10D18,240,100,Col18a1,1563.479122
HW,HW10D18,240,100,Cyb5a,34774.85826
HW,HW10D18,240,100,Cyp1a1,92059.61235
HW,HW10D18,240,100,Cyp1a2,645639.8127
HW,HW10D18,240,100,Cyp1b1,12496.15651
HW,HW10D8,240,100,Ahrr,150.1917293
HW,HW10D8,240,100,Aldh3a1,16683.59275
HW,HW10D8,240,100,Bbs2,51.70534942
HW,HW10D8,240,100,Ccbl1,870.373382
HW,HW10D8,240,100,Cxcr7,68.9404659
HW,HW10D8,240,100,Col18a1,688.1735792
HW,HW10D8,240,100,Cyb5a,22592.77554
HW,HW10D8,240,100,Cyp1a1,62064.88551
HW,HW10D8,240,100,Cyp1a2,430752.3417
HW,HW10D8,240,100,Cyp1b1,7818.587481
HW,HW10D9,240,100,Ahrr,185.5212509
HW,HW10D9,240,100,Aldh3a1,17486.39352
HW,HW10D9,240,100,Bbs2,89.37520114
HW,HW10D9,240,100,Ccbl1,1081.981602
HW,HW10D9,240,100,Cxcr7,143.5419897
HW,HW10D9,240,100,Col18a1,1504.482553
HW,HW10D9,240,100,Cyb5a,31973.30112
HW,HW10D9,240,100,Cyp1a1,88156.4484
HW,HW10D9,240,100,Cyp1a2,632366.1107
HW,HW10D9,240,100,Cyp1b1,13815.23942
HW,HW10,384,0,Ahrr,5.645221125
HW,HW10,384,0,Aldh3a1,9.879136969
HW,HW10,384,0,Bbs2,42.33915844
HW,HW10,384,0,Ccbl1,235.687982
HW,HW10,384,0,Cxcr7,19.75827394
HW,HW10,384,0,Col18a1,1954.657815
HW,HW10,384,0,Cyb5a,21048.20697
HW,HW10,384,0,Cyp1a1,77.62179047
HW,HW10,384,0,Cyp1a2,39207.47202
HW,HW10,384,0,Cyp1b1,16.93566338
HW,HW7,384,0,Ahrr,4.869810618
HW,HW7,384,0,Aldh3a1,121.7452654
HW,HW7,384,0,Bbs2,29.21886371
HW,HW7,384,0,Ccbl1,180.1829929
HW,HW7,384,0,Cxcr7,27.5955935
HW,HW7,384,0,Col18a1,1551.846317
HW,HW7,384,0,Cyb5a,17597.8723
HW,HW7,384,0,Cyp1a1,826.2445348
HW,HW7,384,0,Cyp1a2,37821.38416
HW,HW7,384,0,Cyp1b1,25.97232329
HW,HW8,384,0,Ahrr,5.446957438
HW,HW8,384,0,Aldh3a1,8.170436158
HW,HW8,384,0,Bbs2,30.86609215
HW,HW8,384,0,Ccbl1,125.2800211
HW,HW8,384,0,Cxcr7,14.52521984
HW,HW8,384,0,Col18a1,944.1392893
HW,HW8,384,0,Cyb5a,17300.44465
HW,HW8,384,0,Cyp1a1,30.86609215
HW,HW8,384,0,Cyp1a2,15691.77655
HW,HW8,384,0,Cyp1b1,3.631304959
HW,HW9,384,0,Ahrr,3.495225285
HW,HW9,384,0,Aldh3a1,4.369031606
HW,HW9,384,0,Bbs2,34.07844653
HW,HW9,384,0,Ccbl1,203.5968728
HW,HW9,384,0,Cxcr7,14.85470746
HW,HW9,384,0,Col18a1,1873.440753
HW,HW9,384,0,Cyb5a,22177.20443
HW,HW9,384,0,Cyp1a1,59.41882984
HW,HW9,384,0,Cyp1a2,36893.85049
HW,HW9,384,0,Cyp1b1,6.99045057
HW,HW11,384,100,Ahrr,122.4675259
HW,HW11,384,100,Aldh3a1,18312.49711
HW,HW11,384,100,Bbs2,116.7043482
HW,HW11,384,100,Ccbl1,1174.247455
HW,HW11,384,100,Cxcr7,106.6187873
HW,HW11,384,100,Col18a1,1484.018256
HW,HW11,384,100,Cyb5a,44236.71116
HW,HW11,384,100,Cyp1a1,103959.0808
HW,HW11,384,100,Cyp1a2,777481.4864
HW,HW11,384,100,Cyp1b1,13507.44771
HW,HW12,384,100,Ahrr,503.4512471
HW,HW12,384,100,Aldh3a1,8809.793167
HW,HW12,384,100,Bbs2,120.7317139
HW,HW12,384,100,Ccbl1,1884.622055
HW,HW12,384,100,Cxcr7,53.12195414
HW,HW12,384,100,Col18a1,1742.158632
HW,HW12,384,100,Cyb5a,26975.08685
HW,HW12,384,100,Cyp1a1,94045.17589
HW,HW12,384,100,Cyp1a2,685414.4645
HW,HW12,384,100,Cyp1b1,23077.86712
HW,HW13,384,100,Ahrr,186.8658849
HW,HW13,384,100,Aldh3a1,21353.41093
HW,HW13,384,100,Bbs2,117.3343928
HW,HW13,384,100,Ccbl1,1071.943836
HW,HW13,384,100,Cxcr7,99.95151983
HW,HW13,384,100,Col18a1,1371.798395
HW,HW13,384,100,Cyb5a,40810.64012
HW,HW13,384,100,Cyp1a1,92869.44765
HW,HW13,384,100,Cyp1a2,754086.4142
HW,HW13,384,100,Cyp1b1,12788.00025
HW,HW14,384,100,Ahrr,154.9011536
HW,HW14,384,100,Aldh3a1,23426.45249
HW,HW14,384,100,Bbs2,112.6553844
HW,HW14,384,100,Ccbl1,934.1008958
HW,HW14,384,100,Cxcr7,77.45057679
HW,HW14,384,100,Col18a1,1382.375446
HW,HW14,384,100,Cyb5a,38403.75115
HW,HW14,384,100,Cyp1a1,87084.95914
HW,HW14,384,100,Cyp1a2,733002.8202
HW,HW14,384,100,Cyp1b1,9711.832932
LE,LE96,3,100,Ahrr,29.96214451
LE,LE96,3,100,Aldh3a1,1071.446288
LE,LE96,3,100,Bbs2,73.1076326
LE,LE96,3,100,Ccbl1,324.7896464
LE,LE96,3,100,Cxcr7,141.4213221
LE,LE96,3,100,Col18a1,877.2915911
LE,LE96,3,100,Cyb5a,16825.54187
LE,LE96,3,100,Cyp1a1,32828.92249
LE,LE96,3,100,Cyp1a2,131574.5629
LE,LE96,3,100,Cyp1b1,49.13791699
LE,LE97,3,100,Ahrr,33.27978202
LE,LE97,3,100,Aldh3a1,4458.159599
LE,LE97,3,100,Bbs2,93.18338966
LE,LE97,3,100,Ccbl1,456.5986093
LE,LE97,3,100,Cxcr7,106.4953025
LE,LE97,3,100,Col18a1,957.1265309
LE,LE97,3,100,Cyb5a,22518.43171
LE,LE97,3,100,Cyp1a1,48884.00621
LE,LE97,3,100,Cyp1a2,162454.5903
LE,LE97,3,100,Cyp1b1,89.18981581
LE,LE98,3,100,Ahrr,41.26134526
LE,LE98,3,100,Aldh3a1,3814.247299
LE,LE98,3,100,Bbs2,75.24127666
LE,LE98,3,100,Ccbl1,466.0104877
LE,LE98,3,100,Cxcr7,121.3568978
LE,LE98,3,100,Col18a1,993.9129932
LE,LE98,3,100,Cyb5a,21736.23397
LE,LE98,3,100,Cyp1a1,50042.73039
LE,LE98,3,100,Cyp1a2,162870.6654
LE,LE98,3,100,Cyp1b1,92.23124235
LE,LE99,3,100,Ahrr,33.95767282
LE,LE99,3,100,Aldh3a1,2822.125166
LE,LE99,3,100,Bbs2,99.44747041
LE,LE99,3,100,Ccbl1,561.5143756
LE,LE99,3,100,Cxcr7,127.3412731
LE,LE99,3,100,Col18a1,1394.690134
LE,LE99,3,100,Cyb5a,20736.01036
LE,LE99,3,100,Cyp1a1,59857.675
LE,LE99,3,100,Cyp1a2,192191.9388
LE,LE99,3,100,Cyp1b1,151.5967537
LE,LE92,6,100,Ahrr,34.66358956
LE,LE92,6,100,Aldh3a1,5227.78284
LE,LE92,6,100,Bbs2,110.4099519
LE,LE92,6,100,Ccbl1,703.5424843
LE,LE92,6,100,Cxcr7,88.58472887
LE,LE92,6,100,Col18a1,1046.32687
LE,LE92,6,100,Cyb5a,22138.4792
LE,LE92,6,100,Cyp1a1,80798.25958
LE,LE92,6,100,Cyp1a2,264688.6022
LE,LE92,6,100,Cyp1b1,102.706932
LE,LE93,6,100,Ahrr,30.52521804
LE,LE93,6,100,Aldh3a1,4856.164035
LE,LE93,6,100,Bbs2,127.4096057
LE,LE93,6,100,Ccbl1,810.9090532
LE,LE93,6,100,Cxcr7,82.28537037
LE,LE93,6,100,Col18a1,1199.773787
LE,LE93,6,100,Cyb5a,20960.20733
LE,LE93,6,100,Cyp1a1,97236.09129
LE,LE93,6,100,Cyp1a2,321948.1475
LE,LE93,6,100,Cyp1b1,95.5572043
LE,LE94,6,100,Ahrr,57.38675616
LE,LE94,6,100,Aldh3a1,4730.5299
LE,LE94,6,100,Bbs2,144.2423871
LE,LE94,6,100,Ccbl1,992.6357823
LE,LE94,6,100,Cxcr7,145.7933805
LE,LE94,6,100,Col18a1,1324.548372
LE,LE94,6,100,Cyb5a,25507.63762
LE,LE94,6,100,Cyp1a1,99803.32394
LE,LE94,6,100,Cyp1a2,361167.4274
LE,LE94,6,100,Cyp1b1,218.6900708
LE,LE95,6,100,Ahrr,36.78633882
LE,LE95,6,100,Aldh3a1,5355.378939
LE,LE95,6,100,Bbs2,128.1588578
LE,LE95,6,100,Ccbl1,634.8610087
LE,LE95,6,100,Cxcr7,60.51946065
LE,LE95,6,100,Col18a1,841.3391686
LE,LE95,6,100,Cyb5a,22595.11863
LE,LE95,6,100,Cyp1a1,85823.71513
LE,LE95,6,100,Cyp1a2,288288.6041
LE,LE95,6,100,Cyp1b1,154.2652918
LE,LE88,10,100,Ahrr,37.83987169
LE,LE88,10,100,Aldh3a1,9979.215051
LE,LE88,10,100,Bbs2,92.49746414
LE,LE88,10,100,Ccbl1,654.8400018
LE,LE88,10,100,Cxcr7,73.57752829
LE,LE88,10,100,Col18a1,1099.458494
LE,LE88,10,100,Cyb5a,16231.20274
LE,LE88,10,100,Cyp1a1,84787.59028
LE,LE88,10,100,Cyp1a2,316802.7636
LE,LE88,10,100,Cyp1b1,255.4191339
LE,LE89,10,100,Ahrr,25.73479907
LE,LE89,10,100,Aldh3a1,8692.423287
LE,LE89,10,100,Bbs2,63.34719772
LE,LE89,10,100,Ccbl1,583.981979
LE,LE89,10,100,Cxcr7,82.15339704
LE,LE89,10,100,Col18a1,878.9423684
LE,LE89,10,100,Cyb5a,14730.20307
LE,LE89,10,100,Cyp1a1,67276.70358
LE,LE89,10,100,Cyp1a2,249768.1026
LE,LE89,10,100,Cyp1b1,284.0725898
LE,LE90,10,100,Ahrr,38.79401756
LE,LE90,10,100,Aldh3a1,6876.94926
LE,LE90,10,100,Bbs2,104.0815105
LE,LE90,10,100,Ccbl1,720.0548138
LE,LE90,10,100,Cxcr7,98.40433723
LE,LE90,10,100,Col18a1,1036.084128
LE,LE90,10,100,Cyb5a,23995.51916
LE,LE90,10,100,Cyp1a1,86128.39616
LE,LE90,10,100,Cyp1a2,315909.147
LE,LE90,10,100,Cyp1b1,222.3559543
LE,LE91,10,100,Ahrr,26.34446242
LE,LE91,10,100,Aldh3a1,9998.998221
LE,LE91,10,100,Bbs2,124.0739198
LE,LE91,10,100,Ccbl1,733.395841
LE,LE91,10,100,Cxcr7,113.026242
LE,LE91,10,100,Col18a1,1303.625979
LE,LE91,10,100,Cyb5a,21945.78702
LE,LE91,10,100,Cyp1a1,82991.00538
LE,LE91,10,100,Cyp1a2,325772.223
LE,LE91,10,100,Cyp1b1,384.1192585
LE,LE100,19,0,Ahrr,15.0877747
LE,LE100,19,0,Aldh3a1,68.64937488
LE,LE100,19,0,Bbs2,51.29843398
LE,LE100,19,0,Ccbl1,237.6324515
LE,LE100,19,0,Cxcr7,51.29843398
LE,LE100,19,0,Col18a1,1672.479825
LE,LE100,19,0,Cyb5a,23085.80407
LE,LE100,19,0,Cyp1a1,485.8263453
LE,LE100,19,0,Cyp1a2,48370.6513
LE,LE100,19,0,Cyp1b1,57.33354386
LE,LE101,19,0,Ahrr,2.460686913
LE,LE101,19,0,Aldh3a1,228.8438829
LE,LE101,19,0,Bbs2,39.37099061
LE,LE101,19,0,Ccbl1,312.5072379
LE,LE101,19,0,Cxcr7,59.05648591
LE,LE101,19,0,Col18a1,2335.19188
LE,LE101,19,0,Cyb5a,24597.02638
LE,LE101,19,0,Cyp1a1,1040.870564
LE,LE101,19,0,Cyp1a2,61507.33008
LE,LE101,19,0,Cyp1b1,71.35992048
LE,LE102,19,0,Ahrr,7.246265492
LE,LE102,19,0,Aldh3a1,86.04940272
LE,LE102,19,0,Bbs2,36.23132746
LE,LE102,19,0,Ccbl1,279.8870046
LE,LE102,19,0,Cxcr7,35.32554428
LE,LE102,19,0,Col18a1,1522.621537
LE,LE102,19,0,Cyb5a,13879.31577
LE,LE102,19,0,Cyp1a1,409.4140003
LE,LE102,19,0,Cyp1a2,34166.1418
LE,LE102,19,0,Cyp1b1,23.55036285
LE,LE52,19,0,Ahrr,4.989007904
LE,LE52,19,0,Aldh3a1,8.980214228
LE,LE52,19,0,Bbs2,83.81533279
LE,LE52,19,0,Ccbl1,560.7644885
LE,LE52,19,0,Cxcr7,54.87908695
LE,LE52,19,0,Col18a1,3676.898826
LE,LE52,19,0,Cyb5a,24644.70125
LE,LE52,19,0,Cyp1a1,61.86369801
LE,LE52,19,0,Cyp1a2,68566.92904
LE,LE52,19,0,Cyp1b1,4.989007904
LE,LE53,19,0,Ahrr,7.049195449
LE,LE53,19,0,Aldh3a1,42.2951727
LE,LE53,19,0,Bbs2,43.30220062
LE,LE53,19,0,Ccbl1,327.2840744
LE,LE53,19,0,Cxcr7,46.32328438
LE,LE53,19,0,Col18a1,2446.070821
LE,LE53,19,0,Cyb5a,20543.36959
LE,LE53,19,0,Cyp1a1,270.8905108
LE,LE53,19,0,Cyp1a2,49123.82903
LE,LE53,19,0,Cyp1b1,20.14055843
LE,LE54,19,0,Ahrr,10.14106719
LE,LE54,19,0,Aldh3a1,18.02856389
LE,LE54,19,0,Bbs2,78.87496703
LE,LE54,19,0,Ccbl1,406.7694728
LE,LE54,19,0,Cxcr7,51.83212119
LE,LE54,19,0,Col18a1,3330.777179
LE,LE54,19,0,Cyb5a,23793.1972
LE,LE54,19,0,Cyp1a1,65.35354411
LE,LE54,19,0,Cyp1a2,58306.6292
LE,LE54,19,0,Cyp1b1,4.507140973
LE,LE55,19,0,Ahrr,9.941130409
LE,LE55,19,0,Aldh3a1,14.52934444
LE,LE55,19,0,Bbs2,54.29386608
LE,LE55,19,0,Ccbl1,320.4102801
LE,LE55,19,0,Cxcr7,50.47035438
LE,LE55,19,0,Col18a1,2763.634254
LE,LE55,19,0,Cyb5a,23622.41996
LE,LE55,19,0,Cyp1a1,272.9987351
LE,LE55,19,0,Cyp1a2,54514.10035
LE,LE55,19,0,Cyp1b1,6.882321052
LE,LE56,19,0.001,Ahrr,9.871319609
LE,LE56,19,0.001,Aldh3a1,12.06494619
LE,LE56,19,0.001,Bbs2,64.7119841
LE,LE56,19,0.001,Ccbl1,406.9177305
LE,LE56,19,0.001,Cxcr7,44.96934489
LE,LE56,19,0.001,Col18a1,2374.600773
LE,LE56,19,0.001,Cyb5a,20889.90592
LE,LE56,19,0.001,Cyp1a1,92.13231635
LE,LE56,19,0.001,Cyp1a2,52560.38966
LE,LE56,19,0.001,Cyp1b1,6.580879739
LE,LE57,19,0.001,Ahrr,5.14998841
LE,LE57,19,0.001,Aldh3a1,9.012479717
LE,LE57,19,0.001,Bbs2,78.53732325
LE,LE57,19,0.001,Ccbl1,361.7866858
LE,LE57,19,0.001,Cxcr7,59.22486671
LE,LE57,19,0.001,Col18a1,2290.457345
LE,LE57,19,0.001,Cyb5a,24062.03335
LE,LE57,19,0.001,Cyp1a1,92.69979138
LE,LE57,19,0.001,Cyp1a2,54588.58965
LE,LE57,19,0.001,Cyp1b1,14.16246813
LE,LE58,19,0.001,Ahrr,3.202965515
LE,LE58,19,0.001,Aldh3a1,26.69137929
LE,LE58,19,0.001,Bbs2,59.78868962
LE,LE58,19,0.001,Ccbl1,414.2502066
LE,LE58,19,0.001,Cxcr7,56.5857241
LE,LE58,19,0.001,Col18a1,2265.564274
LE,LE58,19,0.001,Cyb5a,24309.44061
LE,LE58,19,0.001,Cyp1a1,65.12696548
LE,LE58,19,0.001,Cyp1a2,46746.21404
LE,LE58,19,0.001,Cyp1b1,19.21779309
LE,LE59,19,0.001,Ahrr,8.764352777
LE,LE59,19,0.001,Aldh3a1,23.37160741
LE,LE59,19,0.001,Bbs2,40.90031296
LE,LE59,19,0.001,Ccbl1,404.1340447
LE,LE59,19,0.001,Cxcr7,51.61229969
LE,LE59,19,0.001,Col18a1,1746.053837
LE,LE59,19,0.001,Cyb5a,23398.87428
LE,LE59,19,0.001,Cyp1a1,119.779488
LE,LE59,19,0.001,Cyp1a2,46825.01544
LE,LE59,19,0.001,Cyp1b1,6.816718827
LE,LE60,19,0.01,Ahrr,11.00547375
LE,LE60,19,0.01,Aldh3a1,11.00547375
LE,LE60,19,0.01,Bbs2,51.02537828
LE,LE60,19,0.01,Ccbl1,282.1403269
LE,LE60,19,0.01,Cxcr7,40.01990453
LE,LE60,19,0.01,Col18a1,1438.715568
LE,LE60,19,0.01,Cyb5a,22821.35056
LE,LE60,19,0.01,Cyp1a1,247.1229105
LE,LE60,19,0.01,Cyp1a2,46884.31865
LE,LE60,19,0.01,Cyp1b1,5.002488066
LE,LE61,19,0.01,Ahrr,9.805735042
LE,LE61,19,0.01,Aldh3a1,16.66974957
LE,LE61,19,0.01,Bbs2,62.75670427
LE,LE61,19,0.01,Ccbl1,293.1914778
LE,LE61,19,0.01,Cxcr7,48.04810171
LE,LE61,19,0.01,Col18a1,1569.89818
LE,LE61,19,0.01,Cyb5a,28065.97484
LE,LE61,19,0.01,Cyp1a1,670.7122769
LE,LE61,19,0.01,Cyp1a2,54826.80634
LE,LE61,19,0.01,Cyp1b1,10.78630855
LE,LE62,19,0.01,Ahrr,6.839743421
LE,LE62,19,0.01,Aldh3a1,12.70238064
LE,LE62,19,0.01,Bbs2,58.62637218
LE,LE62,19,0.01,Ccbl1,279.452374
LE,LE62,19,0.01,Cxcr7,42.99267293
LE,LE62,19,0.01,Col18a1,1641.538421
LE,LE62,19,0.01,Cyb5a,22424.58736
LE,LE62,19,0.01,Cyp1a1,666.3864304
LE,LE62,19,0.01,Cyp1a2,59479.38589
LE,LE62,19,0.01,Cyp1b1,7.816849624
LE,LE63,19,0.01,Ahrr,3.876103493
LE,LE63,19,0.01,Aldh3a1,20.34954334
LE,LE63,19,0.01,Bbs2,73.64596636
LE,LE63,19,0.01,Ccbl1,315.9024347
LE,LE63,19,0.01,Cxcr7,75.58401811
LE,LE63,19,0.01,Col18a1,1789.790788
LE,LE63,19,0.01,Cyb5a,32543.76493
LE,LE63,19,0.01,Cyp1a1,706.4198616
LE,LE63,19,0.01,Cyp1a2,68084.72688
LE,LE63,19,0.01,Cyp1b1,4.845129366
LE,LE64,19,0.1,Ahrr,4.312449533
LE,LE64,19,0.1,Aldh3a1,10.34987888
LE,LE64,19,0.1,Bbs2,36.22457607
LE,LE64,19,0.1,Ccbl1,202.685128
LE,LE64,19,0.1,Cxcr7,25.8746972
LE,LE64,19,0.1,Col18a1,953.9138366
LE,LE64,19,0.1,Cyb5a,20082.21498
LE,LE64,19,0.1,Cyp1a1,13484.1672
LE,LE64,19,0.1,Cyp1a2,87036.44394
LE,LE64,19,0.1,Cyp1b1,6.899919252
LE,LE65,19,0.1,Ahrr,9.822334893
LE,LE65,19,0.1,Aldh3a1,19.64466979
LE,LE65,19,0.1,Bbs2,41.07521864
LE,LE65,19,0.1,Ccbl1,258.0595258
LE,LE65,19,0.1,Cxcr7,30.35994421
LE,LE65,19,0.1,Col18a1,1380.484522
LE,LE65,19,0.1,Cyb5a,28688.3614
LE,LE65,19,0.1,Cyp1a1,18526.70949
LE,LE65,19,0.1,Cyp1a2,130885.2913
LE,LE65,19,0.1,Cyp1b1,13.39409304
LE,LE66,19,0.1,Ahrr,13.51093881
LE,LE66,19,0.1,Aldh3a1,18.57754086
LE,LE66,19,0.1,Bbs2,69.24356138
LE,LE66,19,0.1,Ccbl1,211.1084189
LE,LE66,19,0.1,Cxcr7,27.02187761
LE,LE66,19,0.1,Col18a1,2377.92523
LE,LE66,19,0.1,Cyb5a,29775.57583
LE,LE66,19,0.1,Cyp1a1,11198.03497
LE,LE66,19,0.1,Cyp1a2,105203.7695
LE,LE66,19,0.1,Cyp1b1,5.911035728
LE,LE67,19,0.1,Ahrr,12.53682789
LE,LE67,19,0.1,Aldh3a1,20.59621725
LE,LE67,19,0.1,Bbs2,43.87889762
LE,LE67,19,0.1,Ccbl1,223.8719266
LE,LE67,19,0.1,Cxcr7,33.13304514
LE,LE67,19,0.1,Col18a1,1277.860957
LE,LE67,19,0.1,Cyb5a,26706.12987
LE,LE67,19,0.1,Cyp1a1,12603.98947
LE,LE67,19,0.1,Cyp1a2,108594.0032
LE,LE67,19,0.1,Cyp1b1,11.64134019
LE,LE68,19,1,Ahrr,34.70097285
LE,LE68,19,1,Aldh3a1,841.4985915
LE,LE68,19,1,Bbs2,123.9320459
LE,LE68,19,1,Ccbl1,490.7709017
LE,LE68,19,1,Cxcr7,90.47039349
LE,LE68,19,1,Col18a1,2068.425846
LE,LE68,19,1,Cyb5a,56894.72362
LE,LE68,19,1,Cyp1a1,104790.7414
LE,LE68,19,1,Cyp1a2,536371.6979
LE,LE68,19,1,Cyp1b1,112.7781617
LE,LE69,19,1,Ahrr,23.88930108
LE,LE69,19,1,Aldh3a1,414.7182667
LE,LE69,19,1,Bbs2,112.7575011
LE,LE69,19,1,Ccbl1,575.2543699
LE,LE69,19,1,Cxcr7,50.64531828
LE,LE69,19,1,Col18a1,1642.628342
LE,LE69,19,1,Cyb5a,52423.63785
LE,LE69,19,1,Cyp1a1,85455.85223
LE,LE69,19,1,Cyp1a2,468000.0082
LE,LE69,19,1,Cyp1b1,143.3358065
LE,LE70,19,1,Ahrr,9.679269216
LE,LE70,19,1,Aldh3a1,198.0527393
LE,LE70,19,1,Bbs2,36.48339935
LE,LE70,19,1,Ccbl1,194.3299435
LE,LE70,19,1,Cxcr7,21.59221594
LE,LE70,19,1,Col18a1,644.0436825
LE,LE70,19,1,Cyb5a,15189.75164
LE,LE70,19,1,Cyp1a1,31022.8024
LE,LE70,19,1,Cyp1a2,187107.7195
LE,LE70,19,1,Cyp1b1,103.4937247
LE,LE71,19,1,Ahrr,18.74540162
LE,LE71,19,1,Aldh3a1,562.3620486
LE,LE71,19,1,Bbs2,92.6855969
LE,LE71,19,1,Ccbl1,463.4279845
LE,LE71,19,1,Cxcr7,88.51995209
LE,LE71,19,1,Col18a1,1519.418942
LE,LE71,19,1,Cyb5a,43849.66003
LE,LE71,19,1,Cyp1a1,81892.41121
LE,LE71,19,1,Cyp1a2,438050.8763
LE,LE71,19,1,Cyp1b1,60.40184966
LE,LE72,19,10,Ahrr,42.35385688
LE,LE72,19,10,Aldh3a1,13269.01753
LE,LE72,19,10,Bbs2,138.2073225
LE,LE72,19,10,Ccbl1,1096.741978
LE,LE72,19,10,Cxcr7,90.28058967
LE,LE72,19,10,Col18a1,2228.035787
LE,LE72,19,10,Cyb5a,43564.28553
LE,LE72,19,10,Cyp1a1,143138.2031
LE,LE72,19,10,Cyp1a2,689142.9491
LE,LE72,19,10,Cyp1b1,1309.625838
LE,LE73,19,10,Ahrr,28.77736933
LE,LE73,19,10,Aldh3a1,10740.86533
LE,LE73,19,10,Bbs2,127.7715198
LE,LE73,19,10,Ccbl1,827.637142
LE,LE73,19,10,Cxcr7,116.2605721
LE,LE73,19,10,Col18a1,1733.548729
LE,LE73,19,10,Cyb5a,37135.46848
LE,LE73,19,10,Cyp1a1,131659.918
LE,LE73,19,10,Cyp1a2,604942.8939
LE,LE73,19,10,Cyp1b1,694.1101483
LE,LE74,19,10,Ahrr,47.01689475
LE,LE74,19,10,Aldh3a1,19003.96765
LE,LE74,19,10,Bbs2,112.3181375
LE,LE74,19,10,Ccbl1,856.7523044
LE,LE74,19,10,Cxcr7,107.094038
LE,LE74,19,10,Col18a1,1507.152682
LE,LE74,19,10,Cyb5a,40489.38253
LE,LE74,19,10,Cyp1a1,118112.9697
LE,LE74,19,10,Cyp1a2,560565.4578
LE,LE74,19,10,Cyp1b1,1402.670693
LE,LE75,19,10,Ahrr,23.73007989
LE,LE75,19,10,Aldh3a1,7153.195283
LE,LE75,19,10,Bbs2,91.12350679
LE,LE75,19,10,Ccbl1,528.70618
LE,LE75,19,10,Cxcr7,51.25697257
LE,LE75,19,10,Col18a1,1097.278894
LE,LE75,19,10,Cyb5a,29552.4923
LE,LE75,19,10,Cyp1a1,74371.96879
LE,LE75,19,10,Cyp1a2,371544.7085
LE,LE75,19,10,Cyp1b1,804.92431
LE,LE76,19,50,Ahrr,56.26392856
LE,LE76,19,50,Aldh3a1,22971.43675
LE,LE76,19,50,Bbs2,145.1609357
LE,LE76,19,50,Ccbl1,1298.571471
LE,LE76,19,50,Cxcr7,178.9192928
LE,LE76,19,50,Col18a1,2111.0226
LE,LE76,19,50,Cyb5a,37170.20177
LE,LE76,19,50,Cyp1a1,149219.8155
LE,LE76,19,50,Cyp1a2,709700.8168
LE,LE76,19,50,Cyp1b1,2360.834443
LE,LE77,19,50,Ahrr,29.40738082
LE,LE77,19,50,Aldh3a1,26427.05588
LE,LE77,19,50,Bbs2,122.1537357
LE,LE77,19,50,Ccbl1,1200.047348
LE,LE77,19,50,Cxcr7,113.1053109
LE,LE77,19,50,Col18a1,1794.981283
LE,LE77,19,50,Cyb5a,39615.13513
LE,LE77,19,50,Cyp1a1,143384.7336
LE,LE77,19,50,Cyp1a2,701122.8562
LE,LE77,19,50,Cyp1b1,1752.001265
LE,LE78,19,50,Ahrr,34.09936836
LE,LE78,19,50,Aldh3a1,24098.63566
LE,LE78,19,50,Bbs2,66.45005116
LE,LE78,19,50,Ccbl1,749.3117611
LE,LE78,19,50,Cxcr7,110.1671901
LE,LE78,19,50,Col18a1,893.5783196
LE,LE78,19,50,Cyb5a,29505.5714
LE,LE78,19,50,Cyp1a1,88410.91873
LE,LE78,19,50,Cyp1a2,421559.1246
LE,LE78,19,50,Cyp1b1,2024.103532
LE,LE79,19,50,Ahrr,44.32694443
LE,LE79,19,50,Aldh3a1,18456.39058
LE,LE79,19,50,Bbs2,105.0355857
LE,LE79,19,50,Ccbl1,934.7203499
LE,LE79,19,50,Cxcr7,116.5991364
LE,LE79,19,50,Col18a1,1254.645253
LE,LE79,19,50,Cyb5a,32302.77894
LE,LE79,19,50,Cyp1a1,102111.9346
LE,LE79,19,50,Cyp1a2,512298.0603
LE,LE79,19,50,Cyp1b1,1954.240072
LE,LE80,19,100,Ahrr,54.08736863
LE,LE80,19,100,Aldh3a1,26589.55452
LE,LE80,19,100,Bbs2,130.6260978
LE,LE80,19,100,Ccbl1,1182.778495
LE,LE80,19,100,Cxcr7,213.2879253
LE,LE80,19,100,Col18a1,1763.452321
LE,LE80,19,100,Cyb5a,32463.64686
LE,LE80,19,100,Cyp1a1,143421.3323
LE,LE80,19,100,Cyp1a2,627555.3279
LE,LE80,19,100,Cyp1b1,3055.426069
LE,LE81,19,100,Ahrr,39.79410711
LE,LE81,19,100,Aldh3a1,33812.20008
LE,LE81,19,100,Bbs2,117.9611032
LE,LE81,19,100,Ccbl1,1461.012218
LE,LE81,19,100,Cxcr7,228.8161159
LE,LE81,19,100,Col18a1,1858.953289
LE,LE81,19,100,Cyb5a,39907.80456
LE,LE81,19,100,Cyp1a1,161105.0214
LE,LE81,19,100,Cyp1a2,826397.1163
LE,LE81,19,100,Cyp1b1,5807.097202
LE,LE82,19,100,Ahrr,69.15260532
LE,LE82,19,100,Aldh3a1,18213.30105
LE,LE82,19,100,Bbs2,124.2877906
LE,LE82,19,100,Ccbl1,963.4640012
LE,LE82,19,100,Cxcr7,135.5017266
LE,LE82,19,100,Col18a1,880.2939759
LE,LE82,19,100,Cyb5a,23313.77294
LE,LE82,19,100,Cyp1a1,98435.93019
LE,LE82,19,100,Cyp1a2,583236.8113
LE,LE82,19,100,Cyp1b1,5736.862758
LE,LE83,19,100,Ahrr,66.62982845
LE,LE83,19,100,Aldh3a1,28977.3124
LE,LE83,19,100,Bbs2,125.4861769
LE,LE83,19,100,Ccbl1,1317.049609
LE,LE83,19,100,Cxcr7,153.2486054
LE,LE83,19,100,Col18a1,1335.928061
LE,LE83,19,100,Cyb5a,33141.67667
LE,LE83,19,100,Cyp1a1,130580.0273
LE,LE83,19,100,Cyp1a2,760264.1106
LE,LE83,19,100,Cyp1b1,9641.336177
LE,LE84,19,1000,Ahrr,25.60748041
LE,LE84,19,1000,Aldh3a1,21686.33497
LE,LE84,19,1000,Bbs2,110.9657484
LE,LE84,19,1000,Ccbl1,1030.701086
LE,LE84,19,1000,Cxcr7,141.9081206
LE,LE84,19,1000,Col18a1,1321.986176
LE,LE84,19,1000,Cyb5a,29840.18352
LE,LE84,19,1000,Cyp1a1,109267.1189
LE,LE84,19,1000,Cyp1a2,485033.4203
LE,LE84,19,1000,Cyp1b1,2730.397598
LE,LE85,19,1000,Ahrr,38.03374095
LE,LE85,19,1000,Aldh3a1,17479.07382
LE,LE85,19,1000,Bbs2,124.3806123
LE,LE85,19,1000,Ccbl1,1167.738641
LE,LE85,19,1000,Cxcr7,100.7380166
LE,LE85,19,1000,Col18a1,1253.057574
LE,LE85,19,1000,Cyb5a,33576.59769
LE,LE85,19,1000,Cyp1a1,115535.1977
LE,LE85,19,1000,Cyp1a2,532161.9358
LE,LE85,19,1000,Cyp1b1,2463.96965
LE,LE86,19,1000,Ahrr,31.22251556
LE,LE86,19,1000,Aldh3a1,13034.65685
LE,LE86,19,1000,Bbs2,90.69397377
LE,LE86,19,1000,Ccbl1,716.6310714
LE,LE86,19,1000,Cxcr7,84.74682795
LE,LE86,19,1000,Col18a1,773.1289567
LE,LE86,19,1000,Cyb5a,20929.49293
LE,LE86,19,1000,Cyp1a1,77581.26063
LE,LE86,19,1000,Cyp1a2,346874.7139
LE,LE86,19,1000,Cyp1b1,1467.458231
LE,LE87,19,1000,Ahrr,60.9020011
LE,LE87,19,1000,Aldh3a1,13092.7122
LE,LE87,19,1000,Bbs2,170.5256031
LE,LE87,19,1000,Ccbl1,711.3353728
LE,LE87,19,1000,Cxcr7,69.42828125
LE,LE87,19,1000,Col18a1,649.2153317
LE,LE87,19,1000,Cyb5a,28504.57259
LE,LE87,19,1000,Cyp1a1,95260.47404
LE,LE87,19,1000,Cyp1a2,545797.6436
LE,LE87,19,1000,Cyp1b1,2109.645318
LE,LE4D39,96,0,NA,NA
LE,LE4D41,96,0,NA,NA
LE,LE4D42,96,0,NA,NA
LE,LE4D44,96,0,NA,NA
LE,LE4D51,96,0,Ahrr,17.80554754
LE,LE4D51,96,0,Aldh3a1,194.6739865
LE,LE4D51,96,0,Bbs2,109.2073583
LE,LE4D51,96,0,Ccbl1,485.4979296
LE,LE4D51,96,0,Cxcr7,175.6814024
LE,LE4D51,96,0,Col18a1,5072.206976
LE,LE4D51,96,0,Cyb5a,43489.45635
LE,LE4D51,96,0,Cyp1a1,1003.045845
LE,LE4D51,96,0,Cyp1a2,99335.9627
LE,LE4D51,96,0,Cyp1b1,179.2425119
LE,LE4D53,96,0,Ahrr,12.33521465
LE,LE4D53,96,0,Aldh3a1,167.9486918
LE,LE4D53,96,0,Bbs2,74.01128793
LE,LE4D53,96,0,Ccbl1,374.800753
LE,LE4D53,96,0,Cxcr7,74.01128793
LE,LE4D53,96,0,Col18a1,2300.991964
LE,LE4D53,96,0,Cyb5a,32457.74521
LE,LE4D53,96,0,Cyp1a1,31719.53005
LE,LE4D53,96,0,Cyp1a2,263906.2244
LE,LE4D53,96,0,Cyp1b1,477.2779209
LE,LE4D54,96,0,NA,NA
LE,LE4D56,96,0,Ahrr,8.391489726
LE,LE4D56,96,0,Aldh3a1,375.0350409
LE,LE4D56,96,0,Bbs2,49.70343915
LE,LE4D56,96,0,Ccbl1,267.882172
LE,LE4D56,96,0,Cxcr7,60.67692571
LE,LE4D56,96,0,Col18a1,2326.379152
LE,LE4D56,96,0,Cyb5a,15173.74992
LE,LE4D56,96,0,Cyp1a1,742.9695904
LE,LE4D56,96,0,Cyp1a2,37136.86053
LE,LE4D56,96,0,Cyp1b1,98.11587988
LE,LE4D57,96,0,Ahrr,8.86318484
LE,LE4D57,96,0,Aldh3a1,48.25511746
LE,LE4D57,96,0,Bbs2,83.70785683
LE,LE4D57,96,0,Ccbl1,371.268965
LE,LE4D57,96,0,Cxcr7,74.84467199
LE,LE4D57,96,0,Col18a1,3097.190703
LE,LE4D57,96,0,Cyb5a,22074.25424
LE,LE4D57,96,0,Cyp1a1,157.5677305
LE,LE4D57,96,0,Cyp1a2,46664.66818
LE,LE4D57,96,0,Cyp1b1,17.72636968
LE,LE4D50,96,100,Ahrr,105.9765259
LE,LE4D50,96,100,Aldh3a1,20714.58692
LE,LE4D50,96,100,Bbs2,145.3080201
LE,LE4D50,96,100,Ccbl1,1702.179664
LE,LE4D50,96,100,Cxcr7,1556.871644
LE,LE4D50,96,100,Col18a1,1635.534632
LE,LE4D50,96,100,Cyb5a,17061.12813
LE,LE4D50,96,100,Cyp1a1,150263.7883
LE,LE4D50,96,100,Cyp1a2,688829.9379
LE,LE4D50,96,100,Cyp1b1,25250.81925
LE,LE4D52,96,100,Ahrr,259.0782216
LE,LE4D52,96,100,Aldh3a1,37954.43923
LE,LE4D52,96,100,Bbs2,129.0188734
LE,LE4D52,96,100,Ccbl1,1616.897817
LE,LE4D52,96,100,Cxcr7,1017.58434
LE,LE4D52,96,100,Col18a1,1327.645826
LE,LE4D52,96,100,Cyb5a,18138.59694
LE,LE4D52,96,100,Cyp1a1,110171.7131
LE,LE4D52,96,100,Cyp1a2,726251.4003
LE,LE4D52,96,100,Cyp1b1,19906.3636
LE,LE4D55,96,100,Ahrr,187.0731611
LE,LE4D55,96,100,Aldh3a1,56339.19459
LE,LE4D55,96,100,Bbs2,144.8308344
LE,LE4D55,96,100,Ccbl1,1628.139964
LE,LE4D55,96,100,Cxcr7,1725.900777
LE,LE4D55,96,100,Col18a1,1320.37444
LE,LE4D55,96,100,Cyb5a,18916.1139
LE,LE4D55,96,100,Cyp1a1,122822.5822
LE,LE4D55,96,100,Cyp1a2,838412.4243
LE,LE4D55,96,100,Cyp1b1,23509.6652
LE,LE4D58,96,100,Ahrr,237.5814537
LE,LE4D58,96,100,Aldh3a1,49857.81517
LE,LE4D58,96,100,Bbs2,165.3273002
LE,LE4D58,96,100,Ccbl1,2116.189443
LE,LE4D58,96,100,Cxcr7,1652.048356
LE,LE4D58,96,100,Col18a1,1233.219195
LE,LE4D58,96,100,Cyb5a,19653.12973
LE,LE4D58,96,100,Cyp1a1,132021.8094
LE,LE4D58,96,100,Cyp1a2,882852.6819
LE,LE4D58,96,100,Cyp1b1,26856.50144
LE,LE10D21,240,0,NA,NA
LE,LE10D22,240,0,NA,NA
LE,LE10D23,240,0,NA,NA
LE,LE10D24,240,0,NA,NA
LE,LE10D25,240,0,NA,NA
LE,LE10D26,240,0,NA,NA
LE,LE10D27,240,0,Ahrr,5.629557836
LE,LE10D27,240,0,Aldh3a1,18.29606297
LE,LE10D27,240,0,Bbs2,57.70296782
LE,LE10D27,240,0,Ccbl1,216.7379767
LE,LE10D27,240,0,Cxcr7,63.33252566
LE,LE10D27,240,0,Col18a1,2736.668803
LE,LE10D27,240,0,Cyb5a,21970.75684
LE,LE10D27,240,0,Cyp1a1,161.1460931
LE,LE10D27,240,0,Cyp1a2,57510.85916
LE,LE10D27,240,0,Cyp1b1,9.851726213
LE,LE10D28,240,0,Ahrr,1.582546229
LE,LE10D28,240,0,Aldh3a1,7.121458031
LE,LE10D28,240,0,Bbs2,37.18983638
LE,LE10D28,240,0,Ccbl1,178.8277239
LE,LE10D28,240,0,Cxcr7,25.32073966
LE,LE10D28,240,0,Col18a1,1941.784223
LE,LE10D28,240,0,Cyb5a,15345.95078
LE,LE10D28,240,0,Cyp1a1,438.3653054
LE,LE10D28,240,0,Cyp1a2,37227.02622
LE,LE10D28,240,0,Cyp1b1,5.538911802
LE,LE10D32,240,0,Ahrr,7.00617563
LE,LE10D32,240,0,Aldh3a1,39.7016619
LE,LE10D32,240,0,Bbs2,51.37862128
LE,LE10D32,240,0,Ccbl1,319.9486871
LE,LE10D32,240,0,Cxcr7,49.82169337
LE,LE10D32,240,0,Col18a1,3539.675621
LE,LE10D32,240,0,Cyb5a,28518.24867
LE,LE10D32,240,0,Cyp1a1,775.350103
LE,LE10D32,240,0,Cyp1a2,62796.35217
LE,LE10D32,240,0,Cyp1b1,17.90467105
LE,LE10D35,240,0,Ahrr,11.49186064
LE,LE10D35,240,0,Aldh3a1,19.70033252
LE,LE10D35,240,0,Bbs2,57.45930318
LE,LE10D35,240,0,Ccbl1,201.9284083
LE,LE10D35,240,0,Cxcr7,52.53422005
LE,LE10D35,240,0,Col18a1,2982.958682
LE,LE10D35,240,0,Cyb5a,21932.21603
LE,LE10D35,240,0,Cyp1a1,128.8730086
LE,LE10D35,240,0,Cyp1a2,51432.64313
LE,LE10D35,240,0,Cyp1b1,5.745930318
LE,LE10D37,240,0,Ahrr,5.564835688
LE,LE10D37,240,0,Aldh3a1,13.91208922
LE,LE10D37,240,0,Bbs2,53.79341165
LE,LE10D37,240,0,Ccbl1,289.3714558
LE,LE10D37,240,0,Cxcr7,66.77802825
LE,LE10D37,240,0,Col18a1,3354.668447
LE,LE10D37,240,0,Cyb5a,25146.565
LE,LE10D37,240,0,Cyp1a1,253.2000238
LE,LE10D37,240,0,Cyp1a2,57113.76361
LE,LE10D37,240,0,Cyp1b1,6.492308302
LE,LE10D29,240,100,Ahrr,164.3247341
LE,LE10D29,240,100,Aldh3a1,43507.13553
LE,LE10D29,240,100,Bbs2,127.1354522
LE,LE10D29,240,100,Ccbl1,1036.975559
LE,LE10D29,240,100,Cxcr7,3898.820534
LE,LE10D29,240,100,Col18a1,1196.975958
LE,LE10D29,240,100,Cyb5a,21777.35161
LE,LE10D29,240,100,Cyp1a1,99395.70733
LE,LE10D29,240,100,Cyp1a2,262055.5724
LE,LE10D29,240,100,Cyp1b1,31299.53751
LE,LE10D30,240,100,Ahrr,162.8159466
LE,LE10D30,240,100,Aldh3a1,49780.97569
LE,LE10D30,240,100,Bbs2,113.9711627
LE,LE10D30,240,100,Ccbl1,1085.778844
LE,LE10D30,240,100,Cxcr7,4833.598416
LE,LE10D30,240,100,Col18a1,1137.676427
LE,LE10D30,240,100,Cyb5a,23302.01476
LE,LE10D30,240,100,Cyp1a1,104798.5193
LE,LE10D30,240,100,Cyp1a2,381189.7823
LE,LE10D30,240,100,Cyp1b1,35825.61386
LE,LE10D33,240,100,Ahrr,250.1623504
LE,LE10D33,240,100,Aldh3a1,50089.52464
LE,LE10D33,240,100,Bbs2,159.0944772
LE,LE10D33,240,100,Ccbl1,1281.533444
LE,LE10D33,240,100,Cxcr7,5066.884798
LE,LE10D33,240,100,Col18a1,1235.450906
LE,LE10D33,240,100,Cyb5a,28107.05671
LE,LE10D33,240,100,Cyp1a1,126798.2983
LE,LE10D33,240,100,Cyp1a2,432638.2297
LE,LE10D33,240,100,Cyp1b1,36702.54729
LE,LE10D34,240,100,Ahrr,211.5620307
LE,LE10D34,240,100,Aldh3a1,49191.71504
LE,LE10D34,240,100,Bbs2,147.7897439
LE,LE10D34,240,100,Ccbl1,1237.99217
LE,LE10D34,240,100,Cxcr7,4468.109108
LE,LE10D34,240,100,Col18a1,1043.638534
LE,LE10D34,240,100,Cyb5a,24946.09897
LE,LE10D34,240,100,Cyp1a1,117273.1863
LE,LE10D34,240,100,Cyp1a2,496431.8234
LE,LE10D34,240,100,Cyp1b1,36307.6886
LE,LE10D38,240,100,Ahrr,272.6826012
LE,LE10D38,240,100,Aldh3a1,70602.46193
LE,LE10D38,240,100,Bbs2,124.5877402
LE,LE10D38,240,100,Ccbl1,1211.792077
LE,LE10D38,240,100,Cxcr7,4213.651401
LE,LE10D38,240,100,Col18a1,932.0573393
LE,LE10D38,240,100,Cyb5a,27730.17504
LE,LE10D38,240,100,Cyp1a1,117899.9643
LE,LE10D38,240,100,Cyp1a2,423528.9706
LE,LE10D38,240,100,Cyp1b1,29554.32761
